{"packages/cupertino_icons/assets/CupertinoIcons.ttf":["packages/cupertino_icons/assets/CupertinoIcons.ttf"],"assets/icons/alert.svg":["assets/icons/alert.svg"],"assets/icons/arrow.svg":["assets/icons/arrow.svg"],"assets/icons/cancel.svg":["assets/icons/cancel.svg"],"assets/icons/cloudoff.svg":["assets/icons/cloudoff.svg"],"assets/icons/delete.svg":["assets/icons/delete.svg"],"assets/icons/download.svg":["assets/icons/download.svg"],"assets/icons/folder.svg":["assets/icons/folder.svg"],"assets/locale/i18n_en.json":["assets/locale/i18n_en.json"],"assets/locale/i18n_pt.json":["assets/locale/i18n_pt.json"],"assets/icons/link.svg":["assets/icons/link.svg"],"assets/icons/logo.png":["assets/icons/logo.png"],"assets/icons/more.svg":["assets/icons/more.svg"],"assets/icons/music.svg":["assets/icons/music.svg"],"assets/icons/pause.svg":["assets/icons/pause.svg"],"assets/icons/play.svg":["assets/icons/play.svg"],"assets/icons/rotate.svg":["assets/icons/rotate.svg"],"assets/icons/search.svg":["assets/icons/search.svg"],"assets/icons/sliders.svg":["assets/icons/sliders.svg"],"packages/youtube_player_flutter/assets/speedometer.webp":["packages/youtube_player_flutter/assets/speedometer.webp"],"assets/icons/wifi.svg":["assets/icons/wifi.svg"],"assets/icons/youtube.svg":["assets/icons/youtube.svg"]}